-- MySQL dump 10.13  Distrib 8.0.38, for Win64 (x86_64)
--
-- Host: 127.0.0.1    Database: mobilestoreTest
-- ------------------------------------------------------
-- Server version	8.0.42

/*!40101 SET @OLD_CHARACTER_SET_CLIENT=@@CHARACTER_SET_CLIENT */;
/*!40101 SET @OLD_CHARACTER_SET_RESULTS=@@CHARACTER_SET_RESULTS */;
/*!40101 SET @OLD_COLLATION_CONNECTION=@@COLLATION_CONNECTION */;
/*!50503 SET NAMES utf8 */;
/*!40103 SET @OLD_TIME_ZONE=@@TIME_ZONE */;
/*!40103 SET TIME_ZONE='+00:00' */;
/*!40014 SET @OLD_UNIQUE_CHECKS=@@UNIQUE_CHECKS, UNIQUE_CHECKS=0 */;
/*!40014 SET @OLD_FOREIGN_KEY_CHECKS=@@FOREIGN_KEY_CHECKS, FOREIGN_KEY_CHECKS=0 */;
/*!40101 SET @OLD_SQL_MODE=@@SQL_MODE, SQL_MODE='NO_AUTO_VALUE_ON_ZERO' */;
/*!40111 SET @OLD_SQL_NOTES=@@SQL_NOTES, SQL_NOTES=0 */;

--
-- Table structure for table `cart`
--

DROP TABLE IF EXISTS `cart`;
/*!40101 SET @saved_cs_client     = @@character_set_client */;
/*!50503 SET character_set_client = utf8mb4 */;
CREATE TABLE `cart` (
  `id` int NOT NULL AUTO_INCREMENT,
  `quantity` int DEFAULT NULL,
  `variant_id` int DEFAULT NULL,
  `user_id` int DEFAULT NULL,
  PRIMARY KEY (`id`),
  KEY `FKpu4bcbluhsxagirmbdn7dilm5` (`variant_id`),
  KEY `FKg5uhi8vpsuy0lgloxk2h4w5o6` (`user_id`),
  KEY `idx_cart_user` (`user_id`),
  CONSTRAINT `FK_cart_variant` FOREIGN KEY (`variant_id`) REFERENCES `product_variants` (`variant_id`),
  CONSTRAINT `FKg5uhi8vpsuy0lgloxk2h4w5o6` FOREIGN KEY (`user_id`) REFERENCES `users` (`id`)
) ENGINE=InnoDB AUTO_INCREMENT=24 DEFAULT CHARSET=utf8mb4 COLLATE=utf8mb4_0900_ai_ci;
/*!40101 SET character_set_client = @saved_cs_client */;

--
-- Dumping data for table `cart`
--

LOCK TABLES `cart` WRITE;
/*!40000 ALTER TABLE `cart` DISABLE KEYS */;
INSERT INTO `cart` VALUES (22,1,68,14),(23,1,68,15);
/*!40000 ALTER TABLE `cart` ENABLE KEYS */;
UNLOCK TABLES;

--
-- Table structure for table `categories`
--

DROP TABLE IF EXISTS `categories`;
/*!40101 SET @saved_cs_client     = @@character_set_client */;
/*!50503 SET character_set_client = utf8mb4 */;
CREATE TABLE `categories` (
  `category_id` int NOT NULL AUTO_INCREMENT,
  `category_name` varchar(255) NOT NULL,
  PRIMARY KEY (`category_id`)
) ENGINE=InnoDB AUTO_INCREMENT=3 DEFAULT CHARSET=utf8mb4 COLLATE=utf8mb4_0900_ai_ci;
/*!40101 SET character_set_client = @saved_cs_client */;

--
-- Dumping data for table `categories`
--

LOCK TABLES `categories` WRITE;
/*!40000 ALTER TABLE `categories` DISABLE KEYS */;
INSERT INTO `categories` VALUES (1,'mobile'),(2,'tablet');
/*!40000 ALTER TABLE `categories` ENABLE KEYS */;
UNLOCK TABLES;

--
-- Table structure for table `order_details`
--

DROP TABLE IF EXISTS `order_details`;
/*!40101 SET @saved_cs_client     = @@character_set_client */;
/*!50503 SET character_set_client = utf8mb4 */;
CREATE TABLE `order_details` (
  `id` int NOT NULL AUTO_INCREMENT,
  `price` double DEFAULT NULL,
  `quantity` int DEFAULT NULL,
  `order_id` int NOT NULL,
  `variant_id` int NOT NULL,
  PRIMARY KEY (`id`),
  KEY `FKjyu2qbqt8gnvno9oe9j2s2ldk` (`order_id`),
  KEY `idx_order_details_order` (`order_id`),
  KEY `FK_order_variant` (`variant_id`),
  CONSTRAINT `FK_order_variant` FOREIGN KEY (`variant_id`) REFERENCES `product_variants` (`variant_id`),
  CONSTRAINT `FKjyu2qbqt8gnvno9oe9j2s2ldk` FOREIGN KEY (`order_id`) REFERENCES `orders` (`order_id`)
) ENGINE=InnoDB AUTO_INCREMENT=16 DEFAULT CHARSET=utf8mb4 COLLATE=utf8mb4_0900_ai_ci;
/*!40101 SET character_set_client = @saved_cs_client */;

--
-- Dumping data for table `order_details`
--

LOCK TABLES `order_details` WRITE;
/*!40000 ALTER TABLE `order_details` DISABLE KEYS */;
INSERT INTO `order_details` VALUES (1,12000000,1,24,78),(2,12000000,1,25,78),(3,20000000,1,26,76),(4,15000000,1,27,71),(5,15000000,1,28,71),(6,15000000,1,29,71),(7,15000000,1,30,71),(8,12500000,1,31,68),(9,12500000,1,32,68),(10,12500000,1,33,68),(11,9000000,1,34,16),(12,9000000,1,35,16),(13,12500000,1,36,68),(14,12500000,1,37,68),(15,12500000,1,38,68);
/*!40000 ALTER TABLE `order_details` ENABLE KEYS */;
UNLOCK TABLES;

--
-- Table structure for table `orders`
--

DROP TABLE IF EXISTS `orders`;
/*!40101 SET @saved_cs_client     = @@character_set_client */;
/*!50503 SET character_set_client = utf8mb4 */;
CREATE TABLE `orders` (
  `order_id` int NOT NULL AUTO_INCREMENT,
  `order_status` varchar(255) DEFAULT NULL,
  `order_date` datetime(6) DEFAULT NULL,
  `total_amount` double DEFAULT NULL,
  `user_id` int DEFAULT NULL,
  `shipping_address` text,
  `customer_phone` varchar(20) DEFAULT NULL,
  `note` text,
  `payment_method` varchar(20) DEFAULT 'CASH',
  `payment_status` varchar(20) DEFAULT 'PENDING',
  `vnp_transaction_id` varchar(100) DEFAULT NULL,
  `vnp_order_id` varchar(100) DEFAULT NULL,
  `shipping_cost` decimal(10,2) DEFAULT '0.00',
  `district_id` int DEFAULT NULL,
  `ward_code` varchar(20) DEFAULT NULL,
  PRIMARY KEY (`order_id`),
  KEY `FK32ql8ubntj5uh44ph9659tiih` (`user_id`),
  KEY `idx_orders_user` (`user_id`),
  KEY `idx_orders_status` (`order_status`),
  KEY `idx_orders_created` (`order_date`),
  CONSTRAINT `FK32ql8ubntj5uh44ph9659tiih` FOREIGN KEY (`user_id`) REFERENCES `users` (`id`)
) ENGINE=InnoDB AUTO_INCREMENT=39 DEFAULT CHARSET=utf8mb4 COLLATE=utf8mb4_0900_ai_ci;
/*!40101 SET character_set_client = @saved_cs_client */;

--
-- Dumping data for table `orders`
--

LOCK TABLES `orders` WRITE;
/*!40000 ALTER TABLE `orders` DISABLE KEYS */;
INSERT INTO `orders` VALUES (10,'PENDING','2025-12-30 13:31:16.216000',99500000,6,NULL,NULL,NULL,'CASH','PENDING',NULL,NULL,0.00,NULL,NULL),(11,'PENDING','2026-01-10 18:04:13.043000',15000000,5,NULL,NULL,NULL,'CASH','PENDING',NULL,NULL,0.00,NULL,NULL),(12,'PENDING','2026-01-15 05:34:24.770000',69500000,6,NULL,NULL,NULL,'CASH','PENDING',NULL,NULL,0.00,NULL,NULL),(13,'PENDING','2026-01-15 05:40:28.878000',69000000,6,NULL,NULL,NULL,'CASH','PENDING',NULL,NULL,0.00,NULL,NULL),(14,'PENDING','2026-01-15 06:46:16.934000',61000000,6,NULL,NULL,NULL,'CASH','PENDING',NULL,NULL,0.00,NULL,NULL),(15,'COMPLETED','2026-01-16 08:25:12.955000',60000000,6,NULL,NULL,NULL,'CASH','PENDING',NULL,NULL,0.00,NULL,NULL),(16,'PENDING','2026-03-10 18:48:09.529000',12500000,9,NULL,NULL,NULL,'CASH','PENDING','15445629','ORDER_1773168450094',0.00,NULL,NULL),(17,'PENDING','2026-03-11 04:43:35.762000',20000000,8,NULL,NULL,NULL,'CASH','PENDING','15446140','ORDER_1773204156553',0.00,NULL,NULL),(18,'PENDING','2026-03-14 03:39:01.843000',20000000,9,NULL,NULL,NULL,'CASH','PENDING','15450276','ORDER_1773459490787',0.00,NULL,NULL),(19,'PENDING','2026-03-16 04:16:34.581000',15000000,9,NULL,NULL,NULL,'CASH','PENDING',NULL,NULL,0.00,NULL,NULL),(24,'PENDING','2026-04-18 16:05:17.533000',9600000,14,NULL,NULL,NULL,'CASH','PENDING','15502712','ORDER_1776528133138',0.00,NULL,NULL),(25,'PENDING','2026-04-18 16:40:54.483000',9600000,14,'','','','CASH','PENDING','15502744','ORDER_1776530403186',0.00,NULL,NULL),(26,'PENDING','2026-04-18 16:44:12.680000',20000000,14,'','','','CASH','PENDING','15502747','ORDER_1776530599040',0.00,NULL,NULL),(27,'PENDING','2026-04-18 16:52:01.528000',15000000,14,'','','','CASH','PENDING','15502750','ORDER_1776531085667',0.00,NULL,NULL),(28,'PENDING','2026-04-18 17:04:16.035000',15000000,14,'','','','CASH','PENDING','15502763','ORDER_1776531815666',0.00,1454,'20813'),(29,'PENDING','2026-04-18 17:13:40.354000',15000000,14,'','','','CASH','PENDING','15502769','ORDER_1776532385082',0.00,1454,'20813'),(30,'PENDING','2026-04-18 17:23:53.820000',15000000,14,'','','','CASH','PENDING','15502778','ORDER_1776532937588',0.00,1454,'20813'),(31,'PENDING','2026-04-18 17:26:58.702000',12500000,14,'','','','CASH','PENDING','15502780','ORDER_1776533186022',0.00,1454,'20813'),(32,'PENDING','2026-04-18 17:32:12.924000',12500000,14,'','','','CASH','PENDING','15502785','ORDER_1776533485213',0.00,1454,'20813'),(33,'PENDING','2026-04-18 17:34:06.535000',12500000,14,'','','','CASH','PENDING','15502788','ORDER_1776533610835',0.00,1454,'20813'),(34,'PENDING','2026-04-18 17:38:22.020000',3600000,14,'','','','CASH','PENDING','15502793','ORDER_1776533841035',0.00,1454,'20813'),(35,'PENDING','2026-04-18 17:46:11.250000',3600000,14,'','','','CASH','PENDING','15502796','ORDER_1776534340911',0.00,1454,'20813'),(36,'PENDING','2026-04-18 17:53:43.178000',12500000,14,'','','','CASH','PENDING','15502801','ORDER_1776534765378',0.00,1454,'20813'),(37,'PENDING','2026-04-18 18:13:45.818000',12500000,14,'','','','CASH','PENDING','15502812','ORDER_1776535990995',0.00,1454,'20813'),(38,'PENDING','2026-04-18 18:24:07.940000',12500000,14,'','','','CASH','PENDING','15502815','ORDER_1776536604682',60500.00,1454,'20813');
/*!40000 ALTER TABLE `orders` ENABLE KEYS */;
UNLOCK TABLES;

--
-- Table structure for table `password_reset_tokens`
--

DROP TABLE IF EXISTS `password_reset_tokens`;
/*!40101 SET @saved_cs_client     = @@character_set_client */;
/*!50503 SET character_set_client = utf8mb4 */;
CREATE TABLE `password_reset_tokens` (
  `id` int NOT NULL AUTO_INCREMENT,
  `token` varchar(255) NOT NULL,
  `user_id` int NOT NULL,
  `email` varchar(255) NOT NULL,
  `expires_at` datetime NOT NULL,
  `used` tinyint(1) DEFAULT '0',
  `created_at` datetime DEFAULT CURRENT_TIMESTAMP,
  PRIMARY KEY (`id`),
  UNIQUE KEY `UK_token` (`token`),
  KEY `FK_password_reset_user` (`user_id`),
  CONSTRAINT `FK_password_reset_user` FOREIGN KEY (`user_id`) REFERENCES `users` (`id`) ON DELETE CASCADE
) ENGINE=InnoDB AUTO_INCREMENT=2 DEFAULT CHARSET=utf8mb4 COLLATE=utf8mb4_0900_ai_ci;
/*!40101 SET character_set_client = @saved_cs_client */;

--
-- Dumping data for table `password_reset_tokens`
--

LOCK TABLES `password_reset_tokens` WRITE;
/*!40000 ALTER TABLE `password_reset_tokens` DISABLE KEYS */;
INSERT INTO `password_reset_tokens` VALUES (1,'7011a61cd08847b2a5f5de5274470af2',13,'manht7000@gmail.com','2026-03-15 16:08:47',1,'2026-03-15 15:38:46');
/*!40000 ALTER TABLE `password_reset_tokens` ENABLE KEYS */;
UNLOCK TABLES;

--
-- Table structure for table `product_variants`
--

DROP TABLE IF EXISTS `product_variants`;
/*!40101 SET @saved_cs_client     = @@character_set_client */;
/*!50503 SET character_set_client = utf8mb4 */;
CREATE TABLE `product_variants` (
  `variant_id` int NOT NULL AUTO_INCREMENT,
  `product_id` int NOT NULL,
  `color` varchar(50) DEFAULT NULL,
  `storage` varchar(50) DEFAULT NULL,
  `price` bigint NOT NULL,
  `quantity_in_stock` int NOT NULL,
  `variant_image` varchar(255) DEFAULT NULL,
  PRIMARY KEY (`variant_id`),
  KEY `FK_variant_product` (`product_id`),
  CONSTRAINT `FK_variant_product` FOREIGN KEY (`product_id`) REFERENCES `products` (`product_id`) ON DELETE CASCADE
) ENGINE=InnoDB AUTO_INCREMENT=79 DEFAULT CHARSET=utf8mb4 COLLATE=utf8mb4_0900_ai_ci;
/*!40101 SET character_set_client = @saved_cs_client */;

--
-- Dumping data for table `product_variants`
--

LOCK TABLES `product_variants` WRITE;
/*!40000 ALTER TABLE `product_variants` DISABLE KEYS */;
INSERT INTO `product_variants` VALUES (1,10,'Natural Titanium','128GB',12000000,5,'images/products/e0dd45b7-58e3-4382-8612-ff268fe06921.png'),(9,11,'Natural Titanium','128GB',25000000,3,'images/products/a773815c-3857-4466-86d5-84209c7f2b37.png'),(10,11,'Blue Titanium','128GB',25000000,3,'images/products/a773815c-3857-4466-86d5-84209c7f2b37.png'),(11,11,'White Titanium','128GB',25000000,2,'images/products/a773815c-3857-4466-86d5-84209c7f2b37.png'),(12,11,'Black Titanium','128GB',25000000,2,'images/products/a773815c-3857-4466-86d5-84209c7f2b37.png'),(13,12,'Black','64GB',7000000,20,'images/products/01d57027-ac66-4333-9098-38ee7861c181.png'),(14,12,'White','64GB',7000000,15,'images/products/01d57027-ac66-4333-9098-38ee7861c181.png'),(15,12,'Blue','64GB',7000000,15,'images/products/01d57027-ac66-4333-9098-38ee7861c181.png'),(16,13,'Black','64GB',9000000,18,'images/products/2ff2f283-7386-4e96-a91c-6d89ef259bbe.png'),(17,13,'White','64GB',9000000,15,'images/products/2ff2f283-7386-4e96-a91c-6d89ef259bbe.png'),(18,13,'Green','64GB',9000000,15,'images/products/2ff2f283-7386-4e96-a91c-6d89ef259bbe.png'),(19,14,'Midnight','128GB',13000000,15,'images/products/2d5c3d94-c977-4dc8-b2fa-2192fe1eb282.png'),(20,14,'Starlight','128GB',13000000,10,'images/products/2d5c3d94-c977-4dc8-b2fa-2192fe1eb282.png'),(21,14,'Blue','128GB',13000000,8,'images/products/2d5c3d94-c977-4dc8-b2fa-2192fe1eb282.png'),(22,14,'Pink','128GB',13000000,7,'images/products/2d5c3d94-c977-4dc8-b2fa-2192fe1eb282.png'),(23,14,'Midnight','256GB',15500000,5,'images/products/2d5c3d94-c977-4dc8-b2fa-2192fe1eb282.png'),(24,15,'Midnight','128GB',15000000,8,'images/products/1693a3e0-f704-43e2-b735-d1b45b8bc5b9.png'),(25,15,'Purple','128GB',15000000,8,'images/products/1693a3e0-f704-43e2-b735-d1b45b8bc5b9.png'),(26,15,'Blue','128GB',15000000,7,'images/products/1693a3e0-f704-43e2-b735-d1b45b8bc5b9.png'),(27,15,'Starlight','128GB',15000000,7,'images/products/1693a3e0-f704-43e2-b735-d1b45b8bc5b9.png'),(28,15,'Midnight','256GB',18000000,5,'images/products/1693a3e0-f704-43e2-b735-d1b45b8bc5b9.png'),(29,15,'Purple','256GB',18000000,5,'images/products/1693a3e0-f704-43e2-b735-d1b45b8bc5b9.png'),(30,15,'Blue','256GB',18000000,4,'images/products/1693a3e0-f704-43e2-b735-d1b45b8bc5b9.png'),(31,15,'Yellow','256GB',18000000,3,'images/products/1693a3e0-f704-43e2-b735-d1b45b8bc5b9.png'),(32,16,'Deep Purple','128GB',19000000,10,'images/products/51319fad-853d-4cd3-9f65-2da560db816a.png'),(33,16,'Gold','128GB',19000000,8,'images/products/51319fad-853d-4cd3-9f65-2da560db816a.png'),(34,16,'Silver','128GB',19000000,7,'images/products/51319fad-853d-4cd3-9f65-2da560db816a.png'),(35,17,'Black','128GB',18000000,10,'images/products/0b7a70ec-43ce-48d4-b1f4-acf7a28b2ab3.png'),(36,17,'Pink','128GB',18000000,10,'images/products/0b7a70ec-43ce-48d4-b1f4-acf7a28b2ab3.png'),(37,17,'Green','128GB',18000000,10,'images/products/0b7a70ec-43ce-48d4-b1f4-acf7a28b2ab3.png'),(38,18,'Natural Titanium','256GB',28000000,8,'images/products/33aca89a-fbc1-4921-829c-4e5b9137d9eb.png'),(39,18,'Blue Titanium','256GB',28000000,7,'images/products/33aca89a-fbc1-4921-829c-4e5b9137d9eb.png'),(40,18,'White Titanium','256GB',28000000,5,'images/products/33aca89a-fbc1-4921-829c-4e5b9137d9eb.png'),(41,19,'Black','128GB',22000000,15,'images/products/0f11c558-01e9-4d63-a30c-77f597d98238.png'),(42,19,'White','128GB',22000000,15,'images/products/0f11c558-01e9-4d63-a30c-77f597d98238.png'),(43,19,'Blue','128GB',22000000,10,'images/products/0f11c558-01e9-4d63-a30c-77f597d98238.png'),(44,19,'Teal','128GB',22000000,10,'images/products/0f11c558-01e9-4d63-a30c-77f597d98238.png'),(45,20,'Black','128GB',24000000,10,'images/products/5a37c593-51bf-4b7b-adbc-d0bfcd620f8e.png'),(46,20,'White','128GB',24000000,10,'images/products/5a37c593-51bf-4b7b-adbc-d0bfcd620f8e.png'),(47,20,'Blue','128GB',24000000,10,'images/products/5a37c593-51bf-4b7b-adbc-d0bfcd620f8e.png'),(49,21,'White','128GB',26000000,25,'images/products/1ecdc28a-6a10-4bec-a7d6-6ad8a89af80a.png'),(50,21,'Blue','128GB',26000000,25,'images/products/09dea404-f0c6-444e-b1f0-9578f30c96f6.png'),(51,21,'Teal','128GB',26000000,20,'images/products/1ecdc28a-6a10-4bec-a7d6-6ad8a89af80a.png'),(52,23,'Silver','64GB',10500000,20,'images/products/b6dc74a6-da46-467d-aaa5-533b18c859fa.png'),(53,23,'Blue','64GB',10500000,20,'images/products/b6dc74a6-da46-467d-aaa5-533b18c859fa.png'),(54,24,'Space Gray','64GB',14500000,10,'images/products/0af0a633-b612-4218-b042-ef822e99264f.png'),(55,24,'Starlight','64GB',14500000,7,'images/products/0af0a633-b612-4218-b042-ef822e99264f.png'),(56,24,'Blue','64GB',14500000,5,'images/products/0af0a633-b612-4218-b042-ef822e99264f.png'),(57,25,'Space Gray','64GB',7500000,25,'images/products/de33773e-bc38-46c8-a7f0-cd1e7e71d655.png'),(58,25,'Silver','64GB',7500000,25,'images/products/de33773e-bc38-46c8-a7f0-cd1e7e71d655.png'),(59,26,'Silver','256GB',29000000,7,'images/products/prom4.png'),(60,26,'Space Black','256GB',29000000,7,'images/products/prom4.png'),(61,27,'Space Gray','128GB',17000000,8,'images/products/0c334961-a3e2-4b40-93f1-b45bce5ce52a.png'),(62,27,'Starlight','128GB',17000000,5,'images/products/0c334961-a3e2-4b40-93f1-b45bce5ce52a.png'),(63,27,'Blue','128GB',17000000,5,'images/products/0c334961-a3e2-4b40-93f1-b45bce5ce52a.png'),(64,28,'Space Gray','128GB',15000000,10,'images/products/mini7.png'),(65,28,'Starlight','128GB',15000000,9,'images/products/mini7.png'),(66,29,'Space Gray','64GB',25000000,15,'images/products/mini_6.png'),(67,29,'Purple','64GB',25000000,13,'images/products/mini_6.png'),(68,30,'Blue','64GB',12500000,4,'images/products/12.png'),(69,30,'Black','64GB',12500000,8,'images/products/12.png'),(70,30,'White','64GB',12500000,8,'images/products/12.png'),(71,31,'Black','128GB',15000000,0,'images/products/16e.png'),(72,31,'White','128GB',15000000,4,'images/products/16e.png'),(73,31,'Red','128GB',15000000,4,'images/products/16e.png'),(74,32,'Silver','256GB',50000000,50,'images/products/4eef0b69-5658-4014-b9ff-d65881d378b3.png'),(75,32,'Space Black','256GB',50000000,50,'images/products/4eef0b69-5658-4014-b9ff-d65881d378b3.png'),(76,33,'Silver','128GB',20000000,19,'images/products/07fb6758-a24f-4993-8141-92dcbe635838.png'),(77,33,'Space Black','128GB',20000000,25,'images/products/07fb6758-a24f-4993-8141-92dcbe635838.png'),(78,10,'BlueTitanium','128GB',12000000,8,'images/products/96aee917-a333-496d-94e3-4a30eb4c2930.png');
/*!40000 ALTER TABLE `product_variants` ENABLE KEYS */;
UNLOCK TABLES;

--
-- Table structure for table `products`
--

DROP TABLE IF EXISTS `products`;
/*!40101 SET @saved_cs_client     = @@character_set_client */;
/*!50503 SET character_set_client = utf8mb4 */;
CREATE TABLE `products` (
  `product_id` int NOT NULL AUTO_INCREMENT,
  `manufacturer` varchar(255) NOT NULL,
  `product_name` varchar(255) NOT NULL,
  `product_condition` varchar(255) NOT NULL,
  `product_info` varchar(255) DEFAULT NULL,
  `category_id` int NOT NULL,
  `discount` int DEFAULT '0',
  PRIMARY KEY (`product_id`),
  KEY `FKog2rp4qthbtt2lfyhfo32lsw9` (`category_id`),
  KEY `idx_products_category` (`category_id`),
  KEY `idx_products_name` (`product_name`),
  CONSTRAINT `FKog2rp4qthbtt2lfyhfo32lsw9` FOREIGN KEY (`category_id`) REFERENCES `categories` (`category_id`)
) ENGINE=InnoDB AUTO_INCREMENT=34 DEFAULT CHARSET=utf8mb4 COLLATE=utf8mb4_0900_ai_ci;
/*!40101 SET character_set_client = @saved_cs_client */;

--
-- Dumping data for table `products`
--

LOCK TABLES `products` WRITE;
/*!40000 ALTER TABLE `products` DISABLE KEYS */;
INSERT INTO `products` VALUES (10,'APPLE','iPhone 17 pro','Mß╗øi','iPhone 17 ŌĆō Chip A19 Pro mß║Īnh mß║Į, m├Ān h├¼nh Super Retina XDR 6.3\", camera 48MP, pin 4500mAh, sß║Īc nhanh USB-C. Thiß║┐t kß║┐ cao cß║źp vß╗øi khung titanium v├Ā k├Łnh Ceramic Shield bß╗ün bß╗ē.',1,20),(11,'APPLE','iPhone 15 pro','Mß╗øi','',1,30),(12,'APPLE','iPhone XR','Mß╗øi','',1,50),(13,'APPLE','iPhone 11','Mß╗øi','',1,60),(14,'APPLE','iPhone 13','Mß╗øi','',1,30),(15,'APPLE','iPhone 14','Mß╗øi','',1,20),(16,'APPLE','iPhone 14 Pro','Mß╗øi','',1,0),(17,'APPLE','iPhone 15','Mß╗øi','',1,0),(18,'APPLE','iPhone 15 Pro Max','Mß╗øi','',1,0),(19,'APPLE','iPhone 16','Mß╗øi','',1,0),(20,'APPLE','iPhone 16 Plus','Mß╗øi','',1,0),(21,'APPLE','iPhone 17','Mß╗øi','',1,0),(23,'APPLE','iPad Gen 10','Mß╗øi','',2,0),(24,'APPLE','iPad Air 5 M1','Mß╗øi','',2,0),(25,'APPLE','iPad Gen 9','Mß╗øi','',2,0),(26,'APPLE','iPad Pro M4','Mß╗øi','',2,0),(27,'APPLE','iPad Air M2','Mß╗øi','',2,0),(28,'APPLE','iPad mini 7','Mß╗øi','',2,0),(29,'APPLE','iPad mini 6','Mß╗øi','',2,0),(30,'APPLE','iPhone 12','Mß╗øi','',1,0),(31,'APPLE','iPhone 16e','Mß╗øi','',1,0),(32,'APPLE','iPad M4 Pro','Mß╗øi','',2,0),(33,'APPLE','iPad M5 Pro','Mß╗øi','',2,0);
/*!40000 ALTER TABLE `products` ENABLE KEYS */;
UNLOCK TABLES;

--
-- Table structure for table `slider_images`
--

DROP TABLE IF EXISTS `slider_images`;
/*!40101 SET @saved_cs_client     = @@character_set_client */;
/*!50503 SET character_set_client = utf8mb4 */;
CREATE TABLE `slider_images` (
  `id` int NOT NULL AUTO_INCREMENT,
  `image_url` varchar(500) NOT NULL,
  `is_active` tinyint(1) DEFAULT '1',
  PRIMARY KEY (`id`)
) ENGINE=InnoDB AUTO_INCREMENT=6 DEFAULT CHARSET=utf8mb4 COLLATE=utf8mb4_0900_ai_ci;
/*!40101 SET character_set_client = @saved_cs_client */;

--
-- Dumping data for table `slider_images`
--

LOCK TABLES `slider_images` WRITE;
/*!40000 ALTER TABLE `slider_images` DISABLE KEYS */;
INSERT INTO `slider_images` VALUES (1,'images/slider/slider-iphone16.jpg',1),(2,'images/slider/slider-ipad.jpg',1),(3,'images/slider/slider-sale.jpg',1),(4,'images/slider/slider-watch.jpg',1),(5,'images/slider/slider-new.jpg',1);
/*!40000 ALTER TABLE `slider_images` ENABLE KEYS */;
UNLOCK TABLES;

--
-- Table structure for table `user_likes`
--

DROP TABLE IF EXISTS `user_likes`;
/*!40101 SET @saved_cs_client     = @@character_set_client */;
/*!50503 SET character_set_client = utf8mb4 */;
CREATE TABLE `user_likes` (
  `id` int NOT NULL AUTO_INCREMENT,
  `customer_id` int NOT NULL,
  `product_id` int NOT NULL,
  PRIMARY KEY (`id`),
  UNIQUE KEY `unique_like` (`customer_id`,`product_id`),
  KEY `fk_user_likes_product` (`product_id`),
  CONSTRAINT `fk_user_likes_product` FOREIGN KEY (`product_id`) REFERENCES `products` (`product_id`) ON DELETE CASCADE,
  CONSTRAINT `fk_user_likes_user` FOREIGN KEY (`customer_id`) REFERENCES `users` (`id`) ON DELETE CASCADE
) ENGINE=InnoDB AUTO_INCREMENT=20 DEFAULT CHARSET=utf8mb4 COLLATE=utf8mb4_0900_ai_ci;
/*!40101 SET character_set_client = @saved_cs_client */;

--
-- Dumping data for table `user_likes`
--

LOCK TABLES `user_likes` WRITE;
/*!40000 ALTER TABLE `user_likes` DISABLE KEYS */;
INSERT INTO `user_likes` VALUES (6,7,12),(7,7,14),(8,7,16),(9,8,10),(10,8,19),(11,8,21),(12,9,11),(13,9,26);
/*!40000 ALTER TABLE `user_likes` ENABLE KEYS */;
UNLOCK TABLES;

--
-- Table structure for table `users`
--

DROP TABLE IF EXISTS `users`;
/*!40101 SET @saved_cs_client     = @@character_set_client */;
/*!50503 SET character_set_client = utf8mb4 */;
CREATE TABLE `users` (
  `id` int NOT NULL AUTO_INCREMENT,
  `password` varchar(255) DEFAULT NULL,
  `username` varchar(255) NOT NULL,
  `role_name` varchar(255) DEFAULT NULL,
  `oauth_provider` varchar(20) DEFAULT NULL,
  `oauth_id` varchar(255) DEFAULT NULL,
  `email` varchar(255) DEFAULT NULL,
  `shipping_address` text,
  `customer_phone` varchar(20) DEFAULT NULL,
  `note` text,
  `district_id` int DEFAULT NULL,
  `ward_code` varchar(20) DEFAULT NULL,
  PRIMARY KEY (`id`),
  UNIQUE KEY `UKr43af9ap4edm43mmtq01oddj6` (`username`),
  KEY `FK6e7f1kfvvn2k48olww485qvo3` (`role_name`)
) ENGINE=InnoDB AUTO_INCREMENT=16 DEFAULT CHARSET=utf8mb4 COLLATE=utf8mb4_0900_ai_ci;
/*!40101 SET character_set_client = @saved_cs_client */;

--
-- Dumping data for table `users`
--

LOCK TABLES `users` WRITE;
/*!40000 ALTER TABLE `users` DISABLE KEYS */;
INSERT INTO `users` VALUES (5,'$2a$10$342ro1UObsU/8YP0Dy1HNOQ92Fxy3hYI/KLTc0ygh7j5Q6NyeIyP6','levantai','ADMIN',NULL,NULL,NULL,NULL,NULL,NULL,NULL,NULL),(6,'$2a$10$w0KzLYHDgs5PI0Q4r3BjRu9RM3UbNa4IHSnfIb74KrHsTAlOnRfzW','manh','CUSTOMER',NULL,NULL,NULL,NULL,NULL,NULL,NULL,NULL),(7,'$2a$10$bj4SkPMUK3jTJ7FD.9blzeYmCo.bUF5vd1wJVh2ldpIxQ8F5DHetG','hung','CUSTOMER',NULL,NULL,NULL,NULL,NULL,NULL,NULL,NULL),(8,NULL,'T├Āi','CUSTOMER','google','116054212909485433236','levantai066@gmail.com',NULL,NULL,NULL,NULL,NULL),(9,NULL,'T├Āi L├¬ V─ān','CUSTOMER','google','110613103348013667969','23130283@st.hcmuaf.edu.vn',NULL,NULL,NULL,NULL,NULL),(13,'$2a$10$KmcjsGN/04htrhRedfIIO.RqacQC3kU9NuhK0Dk84F6P0z7ifEP4K','manh1','CUSTOMER',NULL,NULL,'manht7000@gmail.com',NULL,NULL,NULL,NULL,NULL),(14,'$2a$10$NzkDMZg8oeJ5akLVIPgqRuH3wVU0.7FeBBr0oOpd9jsPBHIvO6b2y','taile','CUSTOMER',NULL,NULL,'levantaii066@gmail.com','22a/6 ─æŲ░ß╗Øng Thß╗æng Nhß║źt, khu phß╗æ T├ón Ho├Ā, phŲ░ß╗Øng ─É├┤ng Ho├Ā, Th├Ānh phß╗æ D─® An, Tß╗ēnh B├¼nh DŲ░ŲĪng','0978120646',NULL,1454,'20813'),(15,'$2a$10$YybLYnr4agTft9BiBVslxuDrCaT3tD.dF3RROwh1xw4e1zwwlu4cG','tailevan','CUSTOMER',NULL,NULL,'levantai0667@gmail.com',NULL,'0978120646',NULL,2028,'560801');
/*!40000 ALTER TABLE `users` ENABLE KEYS */;
UNLOCK TABLES;
/*!40103 SET TIME_ZONE=@OLD_TIME_ZONE */;

/*!40101 SET SQL_MODE=@OLD_SQL_MODE */;
/*!40014 SET FOREIGN_KEY_CHECKS=@OLD_FOREIGN_KEY_CHECKS */;
/*!40014 SET UNIQUE_CHECKS=@OLD_UNIQUE_CHECKS */;
/*!40101 SET CHARACTER_SET_CLIENT=@OLD_CHARACTER_SET_CLIENT */;
/*!40101 SET CHARACTER_SET_RESULTS=@OLD_CHARACTER_SET_RESULTS */;
/*!40101 SET COLLATION_CONNECTION=@OLD_COLLATION_CONNECTION */;
/*!40111 SET SQL_NOTES=@OLD_SQL_NOTES */;

-- Dump completed on 2026-04-20 23:41:51
